ID,Title,Release Date,Run Time,Genre,Director,Studio,Country,Language,Certificate,Budget,Box Office,Nominations,Oscar Wins,Profit,Success
3,King Kong,2005-12-14,187,Adventure,Peter Jackson,WingNut Films,New Zealand,English,12A,207000000.0,550500000.0,4,3,343500000.0,Hit
5,Superman Returns,2006-07-14,154,Action,Bryan Singer,Legendary Pictures,United States,English,12A,204000000.0,391081192.0,1,0,187081192.0,Hit
6,Titanic,1998-01-23,194,Romance,James Cameron,20th Century Fox,United States,English,12,200000000.0,2186772302.0,14,11,1986772302.0,Hit
9,Pearl Harbor,2001-05-21,183,War,Michael Bay,Touchstone Pictures,United States,English,12,140000000.0,449220945.0,4,1,309220945.0,Hit
14,Pirates of the Caribbean: At World's End,2007-05-25,168,Adventure,Gore Verbinski,Walt Disney Pictures,United States,English,12A,300000000.0,963420425.0,2,0,663420425.0,Hit
17,Troy,2004-05-14,162,Adventure,Wolfgang Peterson,Helena Productions,United States,English,15,175000000.0,497409852.0,1,0,322409852.0,Hit
18,Harry Potter and the Goblet of Fire,2005-11-06,156,Fantasy,Mike Newell,Heyday Films,United Kingdom,English,12A,150000000.0,896911078.0,1,0,746911078.0,Hit
21,Pirates of the Caribbean: Dead Man's Chest,2006-07-06,151,Adventure,Gore Verbinski,Walt Disney Pictures,United States,English,12A,225000000.0,1066179725.0,4,1,841179725.0,Hit
24,Armageddon,1998-07-01,151,Science Fiction,Michael Bay,Touchstone Pictures,United States,English,12,140000000.0,553709788.0,4,0,413709788.0,Hit
38,Harry Potter and the Philosopher's Stone,2001-11-16,152,Fantasy,Chris Columbus,Heyday Films,United Kingdom,English,PG,125000000.0,974800000.0,3,0,849800000.0,Hit
41,The Last Samurai,2003-12-05,154,Adventure,Edward Zwick,Radar Pictures,United States,English,15,140000000.0,456758981.0,4,0,316758981.0,Hit
57,The Aviator,2004-12-25,170,Biography,Martin Scorsese,Forward Pass,United States,English,12A,110000000.0,214608827.0,11,5,104608827.0,Hit
58,Ali,2001-12-25,157,Biography,Michael Mann,Peters Entertainment,United States,English,15,107000000.0,87713825.0,0,0,-19286175.0,Flop
59,The Lord of the Rings: Fellowship of the Ring,2001-12-19,178,Fantasy,Peter Jackson,WingNut Films,New Zealand,English,PG,93000000.0,871530324.0,13,4,778530324.0,Hit
65,Harry Potter and the Chamber of Secrets,2002-11-15,155,Fantasy,Chris Columbus,Heyday Films,United Kingdom,English,PG,100000000.0,878979634.0,0,0,778979634.0,Hit
66,American Gangster,2007-11-16,158,Biography,Ridley Scott,Imagine Entertainment,United States,English,18,100000000.0,266465037.0,2,0,166465037.0,Hit
68,Gladiator,2000-05-05,155,Adventure,Ridley Scott,Scott Free Productions,United States,English,15,103000000.0,457600000.0,12,5,354600000.0,Hit
70,Gangs of New York,2002-12-20,160,Drama,Martin Scorsese,Touchstone Pictures,United States,English,18,97000000.0,193772504.0,10,0,96772504.0,Flop
73,The Lord of the Rings: Return of the King,2003-12-17,201,Fantasy,Peter Jackson,WingNut Films,New Zealand,English,12A,94000000.0,1119929521.0,11,11,1025929521.0,Hit
74,The Lord of the Rings: The Two Towers,2002-12-18,179,Fantasy,Peter Jackson,WingNut Films,New Zealand,English,12A,94000000.0,926047111.0,6,2,832047111.0,Hit
78,The Departed,2006-10-06,151,Thriller,Martin Scorsese,Warner Bros. Pictures,United States,English,18,90000000.0,289847354.0,5,4,199847354.0,Hit
92,Munich,2005-12-23,163,Drama,Steven Spielberg,Amblin Entertainment,United States,English,15,77000000.0,130358911.0,5,0,53358911.0,Flop
101,Braveheart,1995-05-24,177,History,Mel Gibson,Icon Productions,United States,English,15,72000000.0,210409945.0,10,5,138409945.0,Hit
114,Saving Private Ryan,1998-07-24,170,War,Steven Spielberg,Amblin Entertainment,United States,English,15,70000000.0,481840909.0,11,5,411840909.0,Hit
141,Casino,1996-02-23,178,Crime,Martin Scorsese,Universal Pictures,United States,English,18,50000000.0,116112375.0,1,0,66112375.0,Flop
142,Robin Hood: Prince of Thieves,1991-06-14,155,Adventure,Kevin Reynolds,Morgan Creek Productions,United States,English,PG,48000000.0,390493908.0,1,0,342493908.0,Hit
169,The Assassination of Jesse James by the Coward Robert Ford,2007-09-21,159,Western,Andrew Dominik,Virtual Studios,United States,English,15,30000000.0,15000000.0,2,0,-15000000.0,Flop
188,Schindler's List,1993-12-15,197,History,Steven Spielberg,Amblin Entertainment,United States,English,15,22000000.0,321200000.0,12,7,299200000.0,Hit
190,Scarface,1983-12-09,170,Crime,Brian De Palma,Universal Pictures,United States,English,18,25000000.0,65900000.0,0,0,40900000.0,Flop
194,Gandhi,1982-12-02,188,Biography,Richard Attenborough,Goldcrest Films,United Kingdom,English,PG,22000000.0,52767889.0,11,8,30767889.0,Flop
200,Dances with Wolves,1990-10-19,180,Western,Kevin Costner,Tig Productions,United States,English,15,2000000.0,424208848.0,12,7,422208848.0,Hit
223,Downfall,2004-09-16,155,War,Oliver Hirschbiegel,Newmarket Capital Group,Germany,German,15,13500000.0,72649179.0,1,0,59149179.0,Flop
237,Pulp Fiction,1994-10-14,154,Crime,Quentin Tarantino,A Band Apart,United States,English,18,8500000.0,213900000.0,7,1,205400000.0,Hit
246,Around the World in 80 Days,1956-10-17,183,Adventure,Michael Anderson,United Artists,United States,English,U,6000000.0,42000000.0,8,5,36000000.0,Flop
260,Seven Samurai,1954-04-26,207,Action,Akira Kurosawa,Toho Company,Japan,Japanese,PG,2000000.0,4500000.0,2,0,2500000.0,Flop
262,Kagemusha,1980-04-26,180,Drama,Akira Kurosawa,Toho Company,Japan,Japanese,PG,7500000.0,26000000.0,2,0,18500000.0,Flop
263,Ran,1985-05-31,162,Drama,Akira Kurosawa,Greenwich Film Productions,Japan,Japanese,15,12000000.0,15000000.0,4,1,3000000.0,Flop
270,Transformers: Age of Extinction,2014-06-27,165,Science Fiction,Michael Bay,di Bonaventura Pictures,United States,English,12A,210000000.0,1091000000.0,0,0,881000000.0,Hit
271,The Hobbit: The Battle of the Five Armies,2014-12-01,174,Fantasy,Peter Jackson,New Line Cinema,New Zealand,English,12A,250000000.0,955100000.0,1,0,705100000.0,Hit
279,Interstellar,2014-11-07,169,Science Fiction,Christopher Nolan,Legendary Pictures,United States,English,12A,165000000.0,675100000.0,5,1,510100000.0,Hit
283,The Hobbit: The Desolation of Smaug,2013-12-13,161,Fantasy,Peter Jackson,WingNut Films,New Zealand,English,12A,225000000.0,958400000.0,3,0,733400000.0,Hit
292,The Dark Knight Rises,2012-07-20,165,Action,Christopher Nolan,Legendary Pictures,United States,English,12A,230000000.0,1085000000.0,0,0,855000000.0,Hit
293,The Hobbit: An Unexpected Journey,2012-12-14,169,Fantasy,Peter Jackson,WingNut Films,New Zealand,English,12A,200000000.0,1021000000.0,3,0,821000000.0,Hit
301,Transformers: Dark of the Moon,2011-06-29,157,Science Fiction,Michael Bay,di Bonaventura Pictures,United States,English,12A,195000000.0,1124000000.0,3,0,929000000.0,Hit
320,Avatar,2009-12-17,161,Science Fiction,James Cameron,Lightstorm Entertainment,United States,English,12A,237000000.0,2788000000.0,9,3,2551000000.0,Hit
321,Harry Potter and the Half-Blood Prince,2009-07-15,153,Fantasy,David Yates,Heyday Films,United Kingdom,English,12A,250000000.0,934400000.0,1,0,684400000.0,Hit
324,2012,2009-11-13,158,Disaster,Roland Emmerich,Centropolis Entertainment,United States,English,12A,200000000.0,769700000.0,0,0,569700000.0,Hit
330,The Dark Knight,2008-07-24,152,Action,Christopher Nolan,Legendary Pictures,United States,English,12A,185000000.0,1005000000.0,8,2,820000000.0,Hit
404,The Firm,1993-06-30,154,Thriller,Sydney Pollack,Davis Entertainment,United States,English,15,42000000.0,270248367.0,2,0,228248367.0,Hit
421,JFK,1991-12-20,188,Thriller,Oliver Stone,Regency Enterprises,United States,English,15,40000000.0,205400000.0,8,2,165400000.0,Hit
463,The Color Purple,1985-12-18,153,Drama,Steven Spielberg,Amblin Entertainment,United States,English,15,15000000.0,142000000.0,11,0,127000000.0,Hit
464,Out Of Africa,1985-12-18,161,Romance,Sydney Pollack,Mirage Studios,United States,English,PG,28000000.0,128500000.0,11,7,100500000.0,Hit
513,Apocalypse Now,1979-08-15,153,War,Francis Ford Coppola,Zoetrope Studios,United States,English,18,31500000.0,150000000.0,8,2,118500000.0,Hit
525,The Deer Hunter,1978-12-08,183,Drama,Michael Cimino,EMI Films,United States,English,18,15000000.0,49000000.0,9,5,34000000.0,Flop
531,A Bridge Too Far,1977-06-15,176,War,Richard Attenborough,Joseph E. Levine Productions,United Kingdom,English,15,25000000.0,50750000.0,0,0,25750000.0,Flop
554,The Towering Inferno,1974-12-14,165,Disaster,John Guillermin,20th Century Fox,United States,English,15,14300000.0,139700000.0,8,3,125400000.0,Hit
558,The Godfather Part II,1974-12-12,202,Crime,Francis Ford Coppola,Paramount Pictures,United States,English,18,13000000.0,57300000.0,11,6,44300000.0,Flop
572,The Godfather,1972-03-24,177,Crime,Francis Ford Coppola,Paramount Pictures,United States,English,18,7000000.0,245100000.0,11,3,238100000.0,Hit
582,Fiddler on the Roof,1971-11-03,179,Musical,Norman Jewison,The Mirisch Production Company,United States,English,U,9000000.0,83300000.0,8,3,74300000.0,Flop
593,Patton,1970-04-02,170,Biography,Franklin J. Schaffner,20th Century Fox,United States,English,PG,12600000.0,61800000.0,10,7,49200000.0,Flop
605,Paint Your Wagon,1969-10-15,154,Musical,Joshua Logan,The Malpaso Company,United States,English,PG,20000000.0,31678778.0,1,0,11678778.0,Flop
615,Oliver!,1968-09-26,153,Musical,Carol Reed,Columbia Pictures,United Kingdom,English,U,10000000.0,77400000.0,11,5,67400000.0,Flop
633,"The Good, the Bad and the Ugly",1966-12-15,177,Western,Sergio Leone,Constantin Film,Italy,Italian,18,1200000.0,25100000.0,0,0,23900000.0,Flop
636,Grand Prix,1966-12-21,179,Sport,John Frankenheimer,Metro-Goldwyn-Mayer,United States,English,PG,9000000.0,20800000.0,3,3,11800000.0,Flop
638,The Sound of Music,1965-03-02,174,Musical,Robert Wise,20th Century Fox,United States,English,U,8200000.0,286200000.0,10,5,278000000.0,Hit
639,Doctor Zhivago,1965-12-22,193,Romance,David Lean,Metro-Goldwyn-Mayer,United Kingdom,English,15,11000000.0,111700000.0,10,5,100700000.0,Hit
648,My Fair Lady,1964-11-09,170,Musical,George Cukor,Warner Bros. Pictures,United States,English,U,17000000.0,72000000.0,12,8,55000000.0,Flop
655,Cleopatra,1963-06-12,248,History,Joseph L. Mankiewicz,20th Century Fox,United States,English,PG,31100000.0,57800000.0,9,4,26700000.0,Flop
656,How the West Was Won,1963-02-20,164,Western,John Ford,Metro-Goldwyn-Mayer,United States,English,U,14483000.0,50000000.0,8,3,35517000.0,Flop
657,"It's a Mad, Mad, Mad, Mad World",1963-11-07,210,Comedy,Stanley Kramer,United Artists,United States,English,U,9400000.0,60000000.0,6,1,50600000.0,Flop
664,Lawrence of Arabia,1962-12-10,222,Biography,David Lean,Horizon Pictures,United Kingdom,English,PG,15000000.0,70000000.0,10,7,55000000.0,Flop
665,The Longest Day,1962-09-25,178,War,Ken Annakin,20th Century Fox,United States,English,PG,7750000.0,50100000.0,5,2,42350000.0,Flop
669,Mutiny on the Bounty,1962-11-08,185,History,Lewis Milestone,Metro-Goldwyn-Mayer,United States,English,15,19000000.0,13680000.0,7,0,-5320000.0,Flop
674,West Side Story,1961-10-18,152,Musical,Robert Wise,The Mirisch Production Company,United States,English,PG,6000000.0,43700000.0,11,10,37700000.0,Flop
675,The Guns of Navarone,1961-04-27,158,War,J. Lee Thompson,Columbia Pictures,United Kingdom,English,PG,6000000.0,28900000.0,7,1,22900000.0,Flop
676,El Cid,1961-12-06,184,History,Anthony Mann,Samuel Bronston Productions,United States,English,U,6200000.0,30000000.0,3,0,23800000.0,Flop
679,La Dolce Vita,1960-02-05,174,Comedy,Federico Fellini,Pathe,Italy,Italian,15,,19500000.0,4,1,,Flop
684,Spartacus,1960-10-07,184,History,Stanley Kubrick,Bryna Productions,United States,English,PG,12000000.0,60000000.0,6,4,48000000.0,Flop
688,The Alamo,1960-10-24,167,War,John Wayne,United Artists,United States,English,U,12000000.0,17260000.0,7,1,5260000.0,Flop
694,Ben-Hur,1959-11-18,212,Drama,William Wyler,Metro-Goldwyn-Mayer,United States,English,PG,15200000.0,146900000.0,12,11,131700000.0,Hit
704,South Pacific,1958-03-19,171,Musical,Joshua Logan,20th Century Fox,United States,English,U,5610000.0,36800000.0,3,1,31190000.0,Flop
714,The Bridge on the River Kwai,1957-10-02,161,War,David Lean,Horizon Pictures,United Kingdom,English,U,2800000.0,30600000.0,8,7,27800000.0,Flop
721,A Farewell to Arms,1957-12-14,152,Drama,Charles Vidor,Selznick International Pictures,United States,English,15,4300000.0,20000000.0,1,0,15700000.0,Flop
724,The Ten Commandments,1956-10-05,220,Fantasy,Cecil B. DeMille,Motion Picture Corporation of America,United States,English,U,13200000.0,80000000.0,7,1,66800000.0,Flop
726,War and Peace,1956-08-21,208,Drama,King Vidor,Dino De Laurentiis Corporation,United States,English,PG,6000000.0,12500000.0,3,0,6500000.0,Flop
853,For Whom the Bell Tolls,1943-07-14,170,War,Sam Wood,Paramount Pictures,United States,English,U,3000000.0,7100000.0,9,1,4100000.0,Flop
893,Gone with the Wind,1939-12-15,221,Romance,Victor Fleming,Selznick International Pictures,United States,English,PG,3850000.0,198000000.0,13,8,194150000.0,Hit
982,All Quiet on the Western Front,1930-04-21,152,War,Lewis Milestone,Universal Pictures,United States,English,PG,1200000.0,3000000.0,4,2,1800000.0,Flop
1134,Batman v Superman: Dawn of Justice,2016-03-25,151,Action,Zack Snyder,DC Entertainment,United States,English,12,250000000.0,873300000.0,0,0,623300000.0,Hit
1150,Lolita,1962-06-13,152,Drama,Stanley Kubrick,Seven Arts Productions,United Kingdom,English,15,2000000.0,9250000.0,1,0,7250000.0,Flop
1153,Metropolis,1927-01-10,153,Science Fiction,Fritz Lang,Universum Film,Germany,Silent,PG,,,0,0,,Flop
1164,Hamlet,1948-05-04,155,Drama,Laurence Olivier,Two Cities Films,United Kingdom,English,U,750000.0,3250000.0,7,4,2500000.0,Flop
1228,Seven Swords,2005-07-29,153,Martial Arts,Hark Tsui,Film Workshop,Hong Kong,Mandarin,15,18000000.0,,0,0,,Flop
1260,47 Samurai,1962-11-03,207,Action,Hiroshi Inagaki,Toho Company,Japan,Japanese,Unknown,,,0,0,,Flop
1265,Nippon tanjo,1959-01-01,182,Fantasy,Hiroshi Inagaki,Toho Company,Japan,Japanese,Unknown,,,0,0,,Flop
1282,The Fall of Ako Castle,1978-10-28,158,Action,Kinji Fukasaku,Toei Kyoto,Japan,Japanese,Unknown,,,0,0,,Flop
1309,A Prophet,2009-05-16,155,Crime,Jacques Audiard,Why Not Productions,France,French,18,13000000.0,17900000.0,0,0,4900000.0,Flop
1378,Once Upon a Time in the West,1968-12-21,165,Western,Sergio Leone,Paramount Pictures,Italy,Italian,15,5000000.0,5321500.0,0,0,321500.0,Flop
1379,Once Upon a Time in America,1984-05-23,229,Crime,Sergio Leone,The Ladd Company,United States,English,18,30000000.0,5300000.0,0,0,-24700000.0,Flop
1387,Empire of the Sun,1987-12-11,154,War,Steven Spielberg,Amblin Entertainment,United States,English,PG,35000000.0,66700000.0,6,0,31700000.0,Flop
1388,Amistad,1997-12-10,154,History,Steven Spielberg,Dreamworks,United States,English,15,36000000.0,44200000.0,4,0,8200000.0,Flop
1416,Eyes Wide Shut,1999-07-16,159,Drama,Stanley Kubrick,Stanley Kubrick Productions,United Kingdom,English,18,65000000.0,162100000.0,0,0,97100000.0,Flop
1425,A Fistful of Dynamite,1971-10-29,157,Western,Sergio Leone,United Artists,Italy,Italian,15,,,0,0,,Flop
1433,Where Eagles Dare,1968-12-04,155,War,Brian G. Hutton,Metro-Goldwyn-Mayer,United Kingdom,English,PG,7700000.0,21000000.0,0,0,13300000.0,Flop
1459,Judgment at Nuremberg,1961-12-19,179,Drama,Stanley Kramer,United Artists,United States,English,PG,3000000.0,10000000.0,11,2,7000000.0,Flop
1460,The Great Escape,1963-06-20,172,War,John Sturges,The Mirisch Production Company,United States,English,PG,3800000.0,11744000.0,1,0,7944000.0,Flop
1478,"New York, New York",1977-06-21,163,Musical,Martin Scorsese,United Artists,United States,English,PG,14000000.0,13800000.0,0,0,-200000.0,Flop
1481,The Last Temptation of Christ,1988-08-12,162,Drama,Martin Scorsese,Universal Pictures,United States,English,18,7000000.0,8900000.0,1,0,1900000.0,Flop
1483,Silence,2016-11-29,159,Drama,Martin Scorsese,Paramount Pictures,United States,English,15,50000000.0,,0,0,,Flop
1484,The Wolf of Wall Street,2013-12-17,179,Biography,Martin Scorsese,Paramount Pictures,United States,English,18,155000000.0,392000000.0,5,0,237000000.0,Hit
1507,Jackie Brown,1997-12-25,154,Crime,Quentin Tarantino,A Band Apart,United States,English,15,12000000.0,74700000.0,1,0,62700000.0,Flop
1508,Inglourious Basterds,2009-05-20,153,War,Quentin Tarantino,A Band Apart,United States,English,18,70000000.0,321500000.0,8,1,251500000.0,Hit
1509,Django Unchained,2012-12-11,165,Western,Quentin Tarantino,Columbia Pictures,United States,English,18,100000000.0,425400000.0,5,2,325400000.0,Hit
1510,The Hateful Eight,2015-12-07,168,Western,Quentin Tarantino,Double Feature Films,United States,English,18,54000000.0,155800000.0,3,1,101800000.0,Hit
1528,Watchmen,2009-02-23,163,Action,Zack Snyder,Legendary Pictures,United States,English,18,130000000.0,185300000.0,0,0,55300000.0,Flop
1547,The English Patient,1996-11-15,162,Romance,Anthony Minghella,Miramax Films,United Kingdom,English,15,27000000.0,232000000.0,12,9,205000000.0,Hit
1556,Zero Dark Thirty,2012-12-19,157,Thriller,Kathryn Bigelow,Columbia Pictures,United States,English,15,40000000.0,132800000.0,5,1,92800000.0,Flop
1575,The Girl with the Dragon Tattoo,2009-02-27,153,Thriller,Niels Arden Oplev,Yellow Bird,Sweden,Swedish,18,13000000.0,104395000.0,0,0,91395000.0,Flop
1580,The Girl with the Dragon Tattoo,2011-12-12,158,Thriller,David Fincher,Scott Rudin Productions,United States,English,18,90000000.0,232600000.0,5,1,142600000.0,Hit
1583,The Revenant,2015-12-16,156,Adventure,Alejandro G. Inarritu,Regency Enterprises,United States,English,15,135000000.0,533000000.0,12,3,398000000.0,Hit
1590,There Will Be Blood,2007-09-27,158,Drama,Paul Thomas Anderson,Miramax Films,United States,English,15,25000000.0,76200000.0,8,2,51200000.0,Flop
1594,Boogie Nights,1997-10-10,155,Drama,Paul Thomas Anderson,New Line Cinema,United States,English,18,15000000.0,43100000.0,3,0,28100000.0,Flop
1602,Prisoners,2013-08-30,153,Thriller,Denis Villeneuve,Warner Bros. Pictures,United States,English,15,46000000.0,122100000.0,1,0,76100000.0,Flop
1612,Les Misérables,2012-12-05,158,Musical,Tom Hooper,UK Film Council,United Kingdom,English,12A,61000000.0,441800000.0,8,3,380800000.0,Hit
1657,Othello,1965-12-15,165,Drama,Stuart Burge,BHE Films,United Kingdom,English,U,,,4,0,,Flop
1663,Giant,1956-11-24,201,Western,George Stevens,Warner Bros. Pictures,United States,English,PG,5400000.0,39000000.0,10,1,33600000.0,Flop
1670,The Diary of Anne Frank,1959-03-18,180,Drama,George Stevens,20th Century Fox,United States,English,U,3800000.0,2300000.0,8,3,-1500000.0,Flop
1671,The Greatest Story Ever Told,1965-04-09,260,Drama,George Stevens,United Artists,United States,English,U,21000000.0,15473000.0,5,0,-5527000.0,Flop
